-- phpMyAdmin SQL Dump
-- version 5.2.1
-- https://www.phpmyadmin.net/
--
-- Host: 127.0.0.1
-- Generation Time: אוגוסט 22, 2024 בזמן 01:59 PM
-- גרסת שרת: 10.4.32-MariaDB
-- PHP Version: 8.2.12

SET SQL_MODE = "NO_AUTO_VALUE_ON_ZERO";
START TRANSACTION;
SET time_zone = "+00:00";


/*!40101 SET @OLD_CHARACTER_SET_CLIENT=@@CHARACTER_SET_CLIENT */;
/*!40101 SET @OLD_CHARACTER_SET_RESULTS=@@CHARACTER_SET_RESULTS */;
/*!40101 SET @OLD_COLLATION_CONNECTION=@@COLLATION_CONNECTION */;
/*!40101 SET NAMES utf8mb4 */;

--
-- Database: `bank_project`
--

DELIMITER $$
--
-- נהלים
--
CREATE DEFINER=`root`@`localhost` PROCEDURE `ProcessLoanUpdates` (`p_Loan_ID` VARCHAR(50))   BEGIN
    -- קריאה לפונקציה CheckLoanPaid ולפרוצדורה UpdateLoanStatus
    CALL UpdateLoanStatus(p_Loan_ID);
END$$

CREATE DEFINER=`root`@`localhost` PROCEDURE `UpdateLoanStatus` (`p_Loan_ID` VARCHAR(50))   BEGIN
    DECLARE v_IsPaid BOOLEAN;

    -- קריאה לפונקציה CheckLoanPaid
    SET v_IsPaid = CheckLoanPaid(p_Loan_ID);

    -- עדכון מצב ההלוואה בהתאם לתוצאה
    IF v_IsPaid THEN
        UPDATE Loan
        SET LoanStatus = 'Paid'
        WHERE Loan_ID = p_Loan_ID;
    ELSE
        UPDATE Loan
        SET LoanStatus = 'Unpaid'
        WHERE Loan_ID = p_Loan_ID;
    END IF;
END$$

CREATE DEFINER=`root`@`localhost` PROCEDURE `update_loan_status` (`loan_id` VARCHAR(50))   BEGIN
    DECLARE loan_paid TINYINT;

    -- Check if the loan is fully paid
    SET loan_paid = is_loan_fully_paid(loan_id);

    -- Update the loan's status based on the result
    IF loan_paid = 1 THEN
        UPDATE Loan
        SET status = 'Fully Paid'
        WHERE Loan_ID = loan_id;
    ELSE
        UPDATE Loan
        SET status = 'Not Fully Paid'
        WHERE Loan_ID = loan_id;
    END IF;

    COMMIT;
END$$

--
-- Functions
--
CREATE DEFINER=`root`@`localhost` FUNCTION `CheckLoanPaid` (`p_Loan_ID` VARCHAR(50)) RETURNS TINYINT(1)  BEGIN
    DECLARE v_TotalPayments INT;
    DECLARE v_PaidPayments INT;

    -- ספירת התשלומים הכוללים
    SELECT COUNT(*)
    INTO v_TotalPayments
    FROM PaymentSchedule
    WHERE Loan_ID = p_Loan_ID;

    -- ספירת התשלומים ששולמו
    SELECT COUNT(*)
    INTO v_PaidPayments
    FROM Payments
    WHERE Loan_ID = p_Loan_ID AND PaymentStatus = 'Paid';

    -- השוואת התוצאות והחזרת התוצאה
    RETURN (v_TotalPayments = v_PaidPayments);
END$$

DELIMITER ;

-- --------------------------------------------------------

--
-- מבנה טבלה עבור טבלה `borrower`
--

CREATE TABLE `borrower` (
  `Borrower_ID` varchar(50) NOT NULL,
  `BorrowerName` varchar(100) NOT NULL,
  `BorrowerAddress` varchar(200) NOT NULL
) ENGINE=InnoDB DEFAULT CHARSET=utf8mb4 COLLATE=utf8mb4_general_ci;

--
-- הוצאת מידע עבור טבלה `borrower`
--

INSERT INTO `borrower` (`Borrower_ID`, `BorrowerName`, `BorrowerAddress`) VALUES
('00-1499117', 'Michale Mingotti', '909 Kedzie Point'),
('00-3451256', 'Pascale Mounfield', 'New Address'),
('01-1951230', 'Kayley de Lloyd', 'New Address'),
('01-4841577', 'Catrina Melia', 'New Address'),
('02-0188581', 'Chuck Keys', '264 Stephen Center'),
('03-0856960', 'Claudelle Halfhead', '340 Oak Avenue'),
('03-4536849', 'Rozele Cazereau', 'New Address'),
('03-8273244', 'Norry Kennelly', '37 Spaight Avenue'),
('04-2031620', 'Rollo Beare', 'New Address'),
('06-1274515', 'Sylvia Laste', 'New Address'),
('07-8415955', 'Silvanus Radin', '27 Maryland Point'),
('08-0229816', 'Tabor Di Iorio', 'New Address'),
('09-0288290', 'Hyacinthie Watt', 'New Address'),
('09-6031702', 'Desdemona Ingerfield', '75013 Ilene Drive'),
('10-1352721', 'Nollie Duncan', '1 Thierer Parkway'),
('10-8203649', 'Marie-jeanne Ellerington', 'New Address'),
('11-2862029', 'Levy Mowen', 'New Address'),
('11-3493779', 'Karia Desmond', 'New Address'),
('12-3615716', 'Hadley Gurling', '4511 Golf Course Crossing'),
('13-5042849', 'Parnell Bevis', '9558 Jay Alley'),
('13-5632354', 'Austine Bernardinelli', 'New Address'),
('13-9046824', 'Reinwald Phidgin', 'New Address'),
('14-2594141', 'Wenda Bodega', 'New Address'),
('14-5338928', 'Teodor Skelcher', 'New Address'),
('15-2351865', 'Bernardina Gillies', '29 Moulton Park'),
('15-6941230', 'Darrelle Eastridge', 'New Address'),
('15-9344160', 'Dannel O\'Dowling', 'New Address'),
('16-4874212', 'Stan Ranger', 'New Address'),
('16-5474705', 'Norine Halbert', '32500 Jana Center'),
('17-0839049', 'Giraldo Averill', 'New Address'),
('17-7459797', 'Zilvia Evanson', '73 Fisk Center'),
('18-4626580', 'Florida Tabor', '786 Banding Lane'),
('18-8997296', 'Avrom Ivanikov', '8002 Leroy Drive'),
('19-2618952', 'Manon Geany', 'New Address'),
('19-7367590', 'Kippie Purtell', '2 5th Lane'),
('19-7809912', 'Bern Taylerson', 'New Address'),
('20-4882632', 'Rosmunda Walbrook', '877 Hoffman Street'),
('20-7662398', 'Rubi Steketee', '0 Logan Place'),
('21-0453547', 'Pearle Charter', '67870 Sheridan Lane'),
('21-2428644', 'Murdoch Boyn', '0785 Leroy Lane'),
('21-6751728', 'Noemi Billson', 'New Address'),
('22-0260285', 'Ruthy Zorzi', 'New Address'),
('22-0384688', 'Mathilde Goodram', '16906 Mcguire Lane'),
('22-1352635', 'Candra Rosenstein', 'New Address'),
('22-2929351', 'Heinrick Rubens', 'New Address'),
('22-6824610', 'Henri Bye', 'New Address'),
('22-7874629', 'Dominique Askaw', 'New Address'),
('22-9924971', 'Yalonda Tupper', '467 Laurel Pass'),
('23-2130433', 'Lavina Dumbarton', '12256 South Terrace'),
('23-6883224', 'Robinet Nerney', 'New Address'),
('24-1561823', 'Cherice Aslett', '8 Village Parkway'),
('25-7926031', 'Niels Gley', '43 Anderson Place'),
('25-7965866', 'Nathanil Winward', '05070 Carioca Road'),
('27-3517111', 'Barr Kilgrove', 'New Address'),
('27-8483366', 'Gayleen Wallsworth', '9 Namekagon Road'),
('27-9971729', 'Ulrika Morrish', 'New Address'),
('28-0918184', 'Walther Hollindale', 'New Address'),
('28-4198132', 'Axe Greatland', 'New Address'),
('28-5765277', 'Isaak Beamont', '669 Logan Crossing'),
('29-9248858', 'Leon Leavens', '5421 Crownhardt Alley'),
('30-9335113', 'Caresa Masden', '682 Hoepker Trail'),
('31-2643841', 'Conney DeSousa', '7001 Ridge Oak Place'),
('31-5190280', 'Zebulen Kippen', '0953 Oakridge Terrace'),
('31-5310137', 'Lida Glidden', 'New Address'),
('32-8861890', 'Norbert Eake', '451 Daystar Park'),
('33-0758524', 'Carlynne Philipp', 'New Address'),
('33-0853562', 'Carmel Housego', '956 Holy Cross Road'),
('33-7746632', 'Shurlock Seydlitz', '08952 Crescent Oaks Drive'),
('33-9063548', 'Mireielle Klais', 'New Address'),
('34-0379066', 'Marv Rosle', '52 Thierer Lane'),
('34-3270600', 'Sadie Vickress', '87773 Buena Vista Trail'),
('34-4339645', 'Garrard Mouser', 'New Address'),
('35-3056847', 'Sandi Nyssen', '7036 Vera Alley'),
('35-3217572', 'Denni Thurlbeck', 'New Address'),
('36-2155489', 'Dino Mettricke', 'New Address'),
('36-3078183', 'Rosette Longbottom', 'New Address'),
('36-7474392', 'Alon Hlavecek', '30 Milwaukee Drive'),
('37-6497639', 'Brenn Klimt', 'New Address'),
('38-0450465', 'Josepha Fidal', 'New Address'),
('38-0704100', 'Bren Gwyer', '28170 Rutledge Trail'),
('38-1695039', 'Dru Jenckes', '6 Florence Parkway'),
('38-2445636', 'Zacharie Bartholin', '6615 Hazelcrest Lane'),
('40-7533043', 'Rubin Serraillier', '782 Packers Plaza'),
('40-8188000', 'Marcelia Klehn', '464 Logan Crossing'),
('40-8682970', 'Whitby Jorg', 'New Address'),
('41-0584370', 'Lurleen Sapson', '31326 Sunfield Crossing'),
('41-2069205', 'Lacee Errichelli', 'New Address'),
('41-3356994', 'Crichton Scimoni', '502 Straubel Circle'),
('41-6277170', 'Dolf Trittam', '16 Dwight Pass'),
('41-6485917', 'Paulie Petrovykh', 'New Address'),
('41-9163531', 'Jens Samart', 'New Address'),
('44-3666862', 'Michale Prate', 'New Address'),
('45-0173830', 'Nowell Borrow', '974 Redwing Point'),
('45-8248611', 'Travus Brognot', '8 Clarendon Park'),
('46-0881215', 'Charity Cowtherd', 'New Address'),
('46-1888361', 'Stanly Orbine', '71824 Evergreen Pass'),
('47-2863588', 'Mella Gowman', 'New Address'),
('48-3962962', 'Gonzalo Fontelles', 'New Address'),
('48-4278812', 'Catharine Frarey', 'New Address'),
('49-2570157', 'Johannah McDermid', '72508 Troy Pass'),
('50-0124492', 'Annabal Karleman', '37781 Ridgeway Street'),
('50-5092826', 'Vivienne Avrahamy', 'New Address'),
('50-7238932', 'Jacklyn Moffet', '0 Luster Circle'),
('51-7018506', 'Katey Casaccia', 'New Address'),
('52-5001228', 'Ryon Lias', 'New Address'),
('52-6209716', 'Alane By', 'New Address'),
('52-9931038', 'Dode Gorman', 'New Address'),
('53-9032921', 'Tonnie Schiementz', '13270 Prairieview Drive'),
('54-2096669', 'Thorndike Julyan', '2 Rusk Avenue'),
('54-2393965', 'Kippy Matisse', 'New Address'),
('54-7636767', 'Bree Synnot', 'New Address'),
('57-6855721', 'Mignon Tamblyn', '308 Bay Street'),
('58-4294934', 'Rodi Cometson', '66455 Sachs Way'),
('58-7500329', 'Gallagher Heggison', '9434 Kropf Lane'),
('58-9181712', 'Emilie Cassely', '4 Knutson Place'),
('58-9925253', 'Boote Laidlaw', 'New Address'),
('59-2669530', 'Charline Causer', 'New Address'),
('59-2782516', 'Sheree Peplay', '77 Ridge Oak Center'),
('59-4302869', 'Moina Anten', 'New Address'),
('61-0813944', 'Weider Kalkofen', '2368 Annamark Trail'),
('61-8589967', 'Kelbee Gamage', 'New Address'),
('62-6278290', 'Aloysia Pawlicki', '6324 8th Way'),
('62-8380438', 'Judy Colbert', 'New Address'),
('63-1470336', 'Clint Keith', 'New Address'),
('63-4004254', 'Jorge Mathivet', 'New Address'),
('63-9412486', 'Marney Amberg', 'New Address'),
('63-9532905', 'Hephzibah Bodycombe', '6 Dorton Point'),
('64-2281540', 'Kahaleel Stickler', '436 Clyde Gallagher Pass'),
('64-5733889', 'Carine Rawlcliffe', '19 Del Sol Lane'),
('66-1196205', 'Wyn Artrick', 'New Address'),
('67-0377802', 'Janice Blare', '378 Becker Parkway'),
('68-9677593', 'Bree Chinnock', '5 Milwaukee Crossing'),
('68-9866422', 'Reilly Lambal', '62538 Mcbride Crossing'),
('69-8063621', 'Riki Riddles', '02538 Colorado Court'),
('69-9517207', 'Cherri O\'Leahy', 'New Address'),
('69-9782972', 'Phyllis Zielinski', 'New Address'),
('70-4485258', 'Tiphany Hainsworth', 'New Address'),
('70-5608353', 'Karleen Shemming', 'New Address'),
('70-7019999', 'Mathe Saltman', '78 Nobel Plaza'),
('70-7948462', 'My Crawshay', '3439 Dottie Center'),
('72-0953169', 'Phelia Sprankling', 'New Address'),
('72-5135748', 'Jase Coupman', 'New Address'),
('73-0085691', 'Cyndy Zouch', '8567 Dovetail Lane'),
('73-2749937', 'Gillie Long', 'New Address'),
('73-6851720', 'Claire Greedyer', '44 Oxford Drive'),
('74-3123472', 'Josh Mineghelli', '33505 Lien Parkway'),
('75-1132746', 'Cally Burford', 'New Address'),
('75-6186063', 'Odelia McAlees', '83629 Corry Avenue'),
('76-4416345', 'Shandra Petit', 'New Address'),
('76-7005254', 'Anette Upstone', '3263 Michigan Way'),
('76-7585383', 'Ettie Caville', '56 Anhalt Pass'),
('77-2587406', 'Arne Wickersham', 'New Address'),
('77-7497577', 'Gradeigh Tremmil', 'New Address'),
('78-1773704', 'Stevena Shropsheir', 'New Address'),
('78-8135447', 'Bartram Oxx', 'New Address'),
('78-9311227', 'Jerald Crowcombe', 'New Address'),
('81-0397164', 'Dorothee Twelve', '147 Laurel Pass'),
('81-7535077', 'Brit Berridge', '827 Donald Point'),
('82-3822326', 'Marshal Hue', '9887 Center Point'),
('82-5007370', 'Dolph Calderonello', 'New Address'),
('82-6804913', 'Kelly Tremmel', '817 Glendale Pass'),
('82-7316725', 'Babara Baseggio', '94 School Drive'),
('83-4875762', 'Flemming Galia', 'New Address'),
('83-8760804', 'Ilse Fairey', '3526 Rieder Parkway'),
('84-2523095', 'Katerina Prester', 'New Address'),
('85-4186059', 'Trumann Behnecken', 'New Address'),
('85-7179405', 'Clay Warburton', '03 Becker Drive'),
('86-5000296', 'Edita Cicconetti', 'New Address'),
('86-9145288', 'Carlynne Jiran', 'New Address'),
('87-0124792', 'Pier O\'Looney', '1782 Bartelt Way'),
('87-0840104', 'Bird Kilgallon', '79001 Debs Alley'),
('87-2832586', 'Colan Smallpiece', '78908 Columbus Hill'),
('87-7902509', 'Kelci Crissil', 'New Address'),
('87-8837123', 'Cammy Thackeray', 'New Address'),
('88-5951939', 'Philomena Clackson', '41 Roxbury Place'),
('88-7592741', 'Kelsi Seymer', '6065 Eagan Trail'),
('89-0265276', 'Camile Dani', '8 Schurz Pass'),
('89-3641857', 'Aigneis McGann', '2 Dakota Lane'),
('89-8365663', 'Den Bottom', 'New Address'),
('90-1836560', 'Eleanore Ridings', '077 Becker Road'),
('90-7406939', 'Penelopa Brimacombe', '8 Dennis Avenue'),
('91-4530946', 'Shirline Twiggs', 'New Address'),
('91-5759147', 'Trumaine Starten', '03304 Shoshone Plaza'),
('92-2954440', 'Bobine Pomfrett', '2334 Melrose Circle'),
('93-5564039', 'Inge Haruard', 'New Address'),
('93-7856238', 'Jorgan Dolligon', '3976 Sundown Hill'),
('94-1389521', 'Tina Soars', '708 Ridge Oak Avenue'),
('94-2136289', 'Valera Gatherell', 'New Address'),
('94-6055285', 'Robers Cottisford', '2 Ridgeway Hill'),
('94-7335706', 'Myrle Burnand', '363 Dayton Parkway'),
('94-9967623', 'Hugh Canto', '0912 Harper Park'),
('96-1763322', 'Ddene Batkin', 'New Address'),
('96-3951068', 'Gerhardt Scheffel', 'New Address'),
('97-2074773', 'Lonny Maletratt', 'New Address'),
('97-7226891', 'Creight Londing', '5085 Moulton Point'),
('97-8912891', 'Nadean Burnapp', 'New Address'),
('98-1858553', 'Anallise Tomkies', '3 1st Place'),
('98-2233381', 'Sylvan McCart', '3 Scofield Court'),
('98-5061673', 'Marlyn Rickson', '909 Brown Plaza'),
('99-6290553', 'Blondie Pollington', '691 Summit Circle');

-- --------------------------------------------------------

--
-- מבנה טבלה עבור טבלה `loan`
--

CREATE TABLE `loan` (
  `Loan_ID` varchar(50) NOT NULL,
  `LoanStartDate` date NOT NULL,
  `Borrower_ID` varchar(50) DEFAULT NULL
) ENGINE=InnoDB DEFAULT CHARSET=utf8mb4 COLLATE=utf8mb4_general_ci;

--
-- הוצאת מידע עבור טבלה `loan`
--

INSERT INTO `loan` (`Loan_ID`, `LoanStartDate`, `Borrower_ID`) VALUES
('00-0490204', '2023-07-20', '17-0839049'),
('01-4781794', '2023-10-27', '77-7497577'),
('01-8182913', '2023-07-25', '69-9517207'),
('02-1051987', '2024-07-04', '54-2096669'),
('02-1585426', '2024-05-21', '64-2281540'),
('02-2027247', '2024-06-20', '69-8063621'),
('02-3703741', '2023-06-02', '36-2155489'),
('02-5485324', '2022-11-09', '81-7535077'),
('02-8617737', '2024-01-30', '18-8997296'),
('03-0081270', '2024-03-25', '41-3356994'),
('03-4545730', '2024-02-21', '98-2233381'),
('03-6928356', '2023-05-28', '50-5092826'),
('04-7759783', '2023-05-19', '97-8912891'),
('05-0620159', '2023-04-27', '59-2669530'),
('05-6825954', '2023-11-10', '41-2069205'),
('06-1724049', '2022-12-01', '53-9032921'),
('06-1751813', '2022-11-15', '99-6290553'),
('06-5196879', '2023-08-05', '27-3517111'),
('06-8829438', '2023-10-23', '70-4485258'),
('10-8200689', '2023-07-29', '85-4186059'),
('10-9416098', '2024-03-11', '94-9967623'),
('11-3630241', '2022-09-22', '73-6851720'),
('11-5475560', '2024-03-08', '90-1836560'),
('11-6687654', '2023-03-29', '72-0953169'),
('11-8475135', '2022-10-12', '03-8273244'),
('12-6079659', '2024-05-11', '73-0085691'),
('12-8085455', '2024-04-01', '31-2643841'),
('13-4805683', '2023-09-24', '01-1951230'),
('13-8741759', '2024-05-24', '87-0124792'),
('13-9476539', '2024-02-16', '90-7406939'),
('14-6327725', '2023-06-19', '14-5338928'),
('14-7187552', '2024-05-23', '30-9335113'),
('17-0016877', '2023-10-22', '77-2587406'),
('17-5489071', '2023-03-12', '46-0881215'),
('19-7567795', '2022-09-18', '74-3123472'),
('20-3882662', '2022-12-06', '18-4626580'),
('21-1979805', '2023-01-30', '22-6824610'),
('21-2449516', '2023-07-04', '38-0450465'),
('22-5736581', '2024-03-21', '85-7179405'),
('22-5871639', '2024-07-06', '10-1352721'),
('23-8898744', '2023-07-02', '96-3951068'),
('23-9993004', '2023-10-12', '62-8380438'),
('24-0232893', '2023-09-17', '21-6751728'),
('24-7196301', '2022-09-20', '38-1695039'),
('25-6662345', '2022-10-13', '82-3822326'),
('25-8323327', '2024-06-30', '00-1499117'),
('25-9226163', '2023-06-11', '19-2618952'),
('26-2609741', '2023-02-13', '13-5632354'),
('26-2639489', '2023-12-16', '10-8203649'),
('26-9080079', '2022-11-17', '82-7316725'),
('27-1777476', '2024-03-22', '33-7746632'),
('27-3988765', '2023-03-24', '34-4339645'),
('27-5821301', '2022-08-26', '35-3056847'),
('30-2980670', '2022-10-14', '67-0377802'),
('30-5075027', '2023-05-28', '13-9046824'),
('30-5609223', '2023-06-06', '96-1763322'),
('30-7419291', '2024-02-07', '38-2445636'),
('32-6662863', '2022-10-29', '41-6277170'),
('32-9913439', '2023-06-02', '63-1470336'),
('33-0639173', '2023-08-20', '66-1196205'),
('33-2608291', '2024-03-05', '59-2782516'),
('33-5097725', '2022-11-24', '88-5951939'),
('33-6284061', '2023-12-11', '28-0918184'),
('34-0305417', '2024-04-16', '89-0265276'),
('35-0033549', '2023-03-09', '94-2136289'),
('37-7196871', '2023-04-22', '76-4416345'),
('37-9314344', '2023-10-22', '11-2862029'),
('37-9792386', '2023-04-26', '59-4302869'),
('38-1495765', '2022-09-29', '20-4882632'),
('38-5813420', '2024-07-10', '34-0379066'),
('39-0789580', '2024-04-04', '19-7367590'),
('39-4524795', '2024-02-03', '64-5733889'),
('39-6828449', '2023-03-27', '75-1132746'),
('40-0814247', '2024-06-30', '94-7335706'),
('40-3672557', '2022-11-24', '93-7856238'),
('40-5914834', '2022-12-26', '02-0188581'),
('41-1695295', '2024-02-26', '97-7226891'),
('41-4117560', '2023-08-31', '14-2594141'),
('41-7587468', '2024-05-09', '70-7019999'),
('42-4944361', '2023-09-10', '52-9931038'),
('43-3681574', '2023-04-13', '04-2031620'),
('43-5370578', '2024-08-09', '58-7500329'),
('43-8907119', '2024-05-24', '20-7662398'),
('43-9317505', '2023-05-09', '54-7636767'),
('44-9345493', '2024-01-18', '88-7592741'),
('45-2098685', '2024-03-01', '27-8483366'),
('45-2668802', '2022-11-25', '21-2428644'),
('45-8635945', '2024-04-12', '07-8415955'),
('46-0407460', '2024-07-29', '76-7005254'),
('46-1737355', '2024-05-06', '87-2832586'),
('46-6401652', '2024-07-04', '83-8760804'),
('47-4033495', '2023-04-03', '35-3217572'),
('47-9938250', '2023-01-09', '03-4536849'),
('48-9193071', '2023-09-26', '00-3451256'),
('49-1657361', '2023-11-17', '01-4841577'),
('49-4852460', '2024-04-04', '49-2570157'),
('49-8915957', '2023-11-06', '22-0260285'),
('50-4980905', '2022-10-23', '98-5061673'),
('50-9620241', '2022-12-10', '89-3641857'),
('51-7686279', '2023-10-30', '78-1773704'),
('51-8130212', '2022-10-03', '62-6278290'),
('51-8139877', '2023-05-05', '52-6209716'),
('52-5869598', '2022-10-26', '98-1858553'),
('52-9649678', '2023-03-05', '63-9412486'),
('55-3739731', '2022-08-30', '03-0856960'),
('56-0211928', '2023-11-26', '87-7902509'),
('58-0111911', '2024-05-21', '92-2954440'),
('58-3574511', '2024-01-26', '58-4294934'),
('58-8706230', '2024-04-24', '61-0813944'),
('59-5359187', '2022-11-21', '13-5042849'),
('59-6451548', '2024-03-01', '91-5759147'),
('59-7535948', '2024-06-08', '22-9924971'),
('60-0825459', '2023-11-29', '08-0229816'),
('60-3595085', '2024-06-21', '38-0704100'),
('60-4522742', '2023-02-12', '89-8365663'),
('60-6377338', '2023-07-05', '15-9344160'),
('61-0188283', '2024-04-19', '28-5765277'),
('61-7506311', '2024-04-10', '75-6186063'),
('62-0963652', '2024-02-24', '09-6031702'),
('62-3179767', '2024-03-28', '50-7238932'),
('63-3538268', '2023-01-16', '15-6941230'),
('63-9269915', '2023-12-16', '51-7018506'),
('64-2000825', '2024-01-29', '25-7926031'),
('64-4995377', '2023-05-05', '37-6497639'),
('64-6181995', '2023-02-07', '52-5001228'),
('64-8407332', '2023-09-17', '73-2749937'),
('64-9924436', '2023-11-01', '91-4530946'),
('65-4825151', '2024-04-24', '32-8861890'),
('65-9554413', '2023-08-11', '97-2074773'),
('66-4053517', '2024-08-04', '46-1888361'),
('66-7818325', '2022-12-08', '76-7585383'),
('66-8915885', '2024-01-15', '31-5190280'),
('67-5681226', '2023-08-14', '16-4874212'),
('67-9352204', '2024-04-01', '36-7474392'),
('67-9603363', '2023-05-26', '41-9163531'),
('68-4001210', '2023-06-05', '78-9311227'),
('68-5114803', '2023-12-11', '11-3493779'),
('68-6273927', '2023-12-09', '63-4004254'),
('69-5908901', '2024-08-07', '50-0124492'),
('69-5975062', '2022-09-13', '29-9248858'),
('69-9818595', '2023-01-03', '86-5000296'),
('70-4625079', '2022-09-28', '63-9532905'),
('70-9478452', '2024-06-17', '25-7965866'),
('70-9965875', '2022-09-15', '34-3270600'),
('71-1479103', '2024-03-23', '17-7459797'),
('73-6243524', '2022-12-03', '81-0397164'),
('73-6339417', '2024-06-24', '16-5474705'),
('74-2869833', '2023-10-14', '78-8135447'),
('74-4394334', '2023-07-17', '33-0758524'),
('74-6849752', '2023-04-28', '86-9145288'),
('74-7574190', '2023-11-03', '23-6883224'),
('74-9988605', '2023-12-19', '54-2393965'),
('75-4372828', '2022-10-09', '94-1389521'),
('75-5751071', '2023-04-09', '22-2929351'),
('75-7081558', '2023-08-11', '48-4278812'),
('76-1557182', '2023-07-05', '28-4198132'),
('76-1753798', '2023-08-24', '84-2523095'),
('76-2723596', '2023-12-23', '33-9063548'),
('77-0418747', '2023-11-27', '27-9971729'),
('77-6712301', '2024-01-26', '45-8248611'),
('77-9759511', '2024-04-26', '33-0853562'),
('78-0310733', '2024-05-24', '68-9866422'),
('79-0275519', '2023-06-24', '41-6485917'),
('79-2086690', '2022-10-13', '15-2351865'),
('79-3725018', '2022-10-12', '45-0173830'),
('79-4639876', '2023-01-19', '31-5310137'),
('80-4696332', '2024-01-14', '94-6055285'),
('80-8924623', '2024-08-02', '23-2130433'),
('81-2088560', '2023-06-17', '19-7809912'),
('81-4119761', '2024-05-30', '68-9677593'),
('82-1840849', '2023-07-10', '47-2863588'),
('83-0184701', '2024-02-15', '40-7533043'),
('83-2767928', '2024-02-02', '24-1561823'),
('83-4048299', '2022-08-19', '57-6855721'),
('84-2046842', '2022-10-31', '70-7948462'),
('84-2303917', '2023-09-27', '87-8837123'),
('84-6156398', '2022-08-25', '21-0453547'),
('85-1932882', '2023-02-20', '70-5608353'),
('85-5108330', '2023-05-09', '36-3078183'),
('85-5929799', '2023-12-25', '72-5135748'),
('86-2300578', '2024-05-14', '58-9181712'),
('86-6530350', '2024-05-03', '87-0840104'),
('86-6774431', '2023-05-11', '61-8589967'),
('86-9569658', '2022-11-02', '40-8188000'),
('87-8312272', '2022-09-30', '82-6804913'),
('88-0577612', '2023-10-18', '48-3962962'),
('88-3005715', '2022-10-25', '22-0384688'),
('88-7026267', '2023-08-31', '82-5007370'),
('89-8857794', '2023-03-24', '06-1274515'),
('90-2047940', '2023-11-18', '69-9782972'),
('91-6042725', '2024-07-12', '41-0584370'),
('92-8954474', '2023-08-01', '09-0288290'),
('93-0345832', '2022-10-06', '12-3615716'),
('94-7829911', '2023-01-08', '93-5564039'),
('95-4031580', '2023-11-15', '83-4875762'),
('96-0629695', '2023-04-30', '22-1352635'),
('96-5005489', '2023-04-26', '58-9925253'),
('97-3052350', '2023-05-04', '40-8682970'),
('99-2689718', '2023-03-23', '22-7874629'),
('99-5372155', '2023-03-06', '44-3666862');

-- --------------------------------------------------------

--
-- מבנה טבלה עבור טבלה `paymentschedule`
--

CREATE TABLE `paymentschedule` (
  `Schedule_ID` varchar(50) NOT NULL,
  `DueDate` date DEFAULT NULL,
  `Loan_ID` varchar(50) DEFAULT NULL
) ENGINE=InnoDB DEFAULT CHARSET=utf8mb4 COLLATE=utf8mb4_general_ci;

--
-- הוצאת מידע עבור טבלה `paymentschedule`
--

INSERT INTO `paymentschedule` (`Schedule_ID`, `DueDate`, `Loan_ID`) VALUES
('0028ecbc4dc43e734c72bf5d874b59b885e57fa0', '2030-04-14', '33-5097725'),
('00959e9a398d3d2e8183400acab3eed0c6d3b68c', '2031-12-01', '92-8954474'),
('04883f6f946570a26d0b8ef006254c3de091f8f0', '2047-12-29', '49-4852460'),
('06af4180afe0a68295fd2df3eb6cdd96c5f40c1d', '2053-12-29', '73-6339417'),
('091f3a68a845f3eae4b674d20c19943452872f02', '2032-04-29', '40-0814247'),
('0a8e9e99c4d243f09c4d247a14d1a38631ec2b2d', '2026-11-13', '60-4522742'),
('0b7ba7167501d46143b89b8d7baf95addb9c334a', '2043-05-03', '10-9416098'),
('0d3afdd5e6cc0d3e4f5552e90a1871847c375a89', '2044-03-31', '47-9938250'),
('0e17e01f4e5d104f4f731931ce08cc66aa003f25', '2049-06-03', '80-8924623'),
('0e445053e3f92c954e0c12ff7dc01183c3884a7e', '2051-11-03', '86-6774431'),
('0f4bbc7842d1fcf17bcad60e6c965d2fb2fa3685', '2038-03-20', '37-7196871'),
('0fea010820e6ea706535509b8503e1df9a225aa7', '2040-10-20', '03-4545730'),
('103e63f28534e0dab03097ac36e59c672948a9d3', '2047-04-10', '45-2668802'),
('10e8d6a392bf2a80ef36f1096c3aa3b46aed0bd7', '2044-10-01', '02-5485324'),
('117b3cea8e544e1c2ba80f411dab52f4e60fc89a', '2032-10-24', '10-8200689'),
('1306f7ed9afabf8da5871e9624757884828d08f5', '2030-10-22', '45-2098685'),
('138a07c68390df8b0b1e89070570f44c43a3a7c2', '2027-06-29', '49-1657361'),
('1497f069b8f45056de9ed254af2aa75b611697b9', '2049-04-15', '35-0033549'),
('155003495aca5181e7a27a4072ae1a636c83dab1', '2029-12-06', '11-3630241'),
('18a10ab69571de729d7b5448f6cb9997dcd3b1e2', '2033-08-15', '01-8182913'),
('1a57ae3fa69c73fd287fd919140626f4cdce8353', '2038-04-04', '51-8139877'),
('1b1044edc31ffdb2a15b17eb5283661cc8eb305d', '2030-04-05', '67-9603363'),
('1be6bd855def6a6fb1a1984ae44cf08ac88c41ee', '2031-08-30', '52-5869598'),
('1bfedf4dc8060769a95746d8e18a701dee73ab33', '2051-10-07', '23-9993004'),
('1cb90106b33f357e504c68bb87d6e7c349807062', '2033-06-01', '86-6530350'),
('1e43b4119b578a578c16c31fb978c6df76038666', '2028-12-20', '02-8617737'),
('21437815776c68b2e2b6da7b3ba7c61758411b46', '2043-06-22', '90-2047940'),
('247d805c5be11f11f2ba9b18d05c642b7f7f1d7e', '2027-10-12', '74-7574190'),
('264447052df4e53d147d76cc368517f79e866d7b', '2044-03-29', '41-7587468'),
('297bc0620b3327d5efa40cb39740254f115d8bd0', '2046-11-25', '50-9620241'),
('2b0c38d316d8390f5ed97c178c8088f8ef09429e', '2028-09-22', '17-0016877'),
('2ba450d7544485a2e8c98ff83207657c0f65c199', '2032-04-23', '43-8907119'),
('2e1eabde69db76dcbd07eaae69c263b1e56cf0c2', '2036-11-23', '32-9913439'),
('2fd5802c33d2fbdfd482a6d9c2dbefee4433625c', '2053-07-03', '74-6849752'),
('315bacf7a9cbdfdd5c8070faf66fc67e59cb5ada', '2044-06-05', '02-1585426'),
('31f3c05b494cb710ce1b872b0c7133177927b4d6', '2025-07-05', '22-5871639'),
('326cc5985955c6b9d6eca2ef3404fd32c6337e46', '2037-03-18', '76-2723596'),
('3579d65f10b456a84b210a513cf4b4e494d84ba5', '2036-04-01', '51-7686279'),
('35a3eb40d7b0ebed3960821c1f421ffa6ed3521a', '2043-06-01', '99-2689718'),
('36eb7a835dbc7c7d42d9bfeb40c5327a7d179393', '2043-11-05', '77-6712301'),
('37371b7d74c60eab36b4e25017f2f1de98df7aea', '2038-09-13', '71-1479103'),
('3795eace09deb720a021cbb8594f2b0a2a784990', '2027-10-25', '03-6928356'),
('384ab0cc7e7ed5de3cff71e17c2e6d8b93446473', '2046-12-03', '40-3672557'),
('39f7e5b9113b3bdcdd23742bb43f9c8bfcc231e1', '2028-11-15', '46-6401652'),
('3cb3408812ceb04f875cf5ba0b3cd9c88e8f5079', '2030-06-08', '06-5196879'),
('3e06408c0a08598c4d29c394d566f7eed60ed8f9', '2054-09-09', '95-4031580'),
('3e43fc51af62f4efdbe66b42cca8d9dd1ff96408', '2036-05-23', '60-6377338'),
('406af19e52c930377c94ea960eb5ca37bc041489', '2047-01-30', '39-0789580'),
('41ba9205b2ba54e3562c1f3203fca2f356be211b', '2029-08-11', '33-0639173'),
('42a79c027007329c41ed527a81097f0165cdc824', '2037-06-26', '93-0345832'),
('42eca0cc42965c8ffecd5d5440548ed512ee0238', '2026-09-10', '25-8323327'),
('448526ed90344db37685039bf2b7fd5a73f7a6e8', '2036-10-19', '99-5372155'),
('44f6be587227b671d91e089b340c19c8bc2e9773', '2050-04-08', '75-7081558'),
('4682672ac4fd58b501eb7cc7a740a81fa3b9d0a6', '2027-03-05', '00-0490204'),
('4807bd8cbe98b62bc9b83d6d8e446a4d8361b756', '2049-04-01', '06-8829438'),
('4829b047823842d614e743b6aca82bbc4570de0e', '2040-11-14', '56-0211928'),
('48c4c8f39430277e6468417119211333f81e9dff', '2046-11-08', '12-8085455'),
('4afe02b387c99e8b554fd5072e54d6e5ac8ef75c', '2037-12-14', '81-4119761'),
('4b1ebdaaf26930b9e8b18fcfd4eb11f313ef8611', '2054-08-04', '30-5075027'),
('4c3ecc062efd894c9195435f9e5044d245e3e021', '2054-04-13', '68-4001210'),
('4cdcf2747b269144e03d100486790fef691d2b15', '2042-09-19', '75-5751071'),
('4e70faa71c77e0f16f6055d9dd560b81a16b1f06', '2050-08-02', '43-5370578'),
('4f97899ebff8345f0c4d630e777bf48fbd48f05f', '2027-08-31', '66-4053517'),
('510f03d82c4bd56595fdd62bb09ffcb8f22ae01f', '2054-01-20', '26-2639489'),
('51e2320f2d19ea0645db572a60a5cb226d936081', '2034-12-01', '84-6156398'),
('5502adb94983c972209bb9573d3b27abcf844856', '2047-04-14', '11-6687654'),
('592e2f815a3b0bae399d9ca2eb88a52c97d87248', '2035-07-02', '17-5489071'),
('5b92fee28a276d6a09f88e9ac45b59eda7c0db0c', '2050-07-19', '88-3005715'),
('5bd784ddfae1478ac14b469f5ae830d59f2a99f1', '2043-08-28', '64-2000825'),
('5d926a752bca35ee13b0fc4cae6c143ec561256e', '2025-06-15', '77-0418747'),
('5fb10c76bd4923ba8ea56a8fbf87b57bd2dbed61', '2048-03-08', '97-3052350'),
('6026bb7fe98a5626e6f63b70e5139f99e4758c7c', '2044-11-05', '22-5736581'),
('605573e64b55d03b3ef831227cb40b7a5acbfdf9', '2041-05-03', '64-4995377'),
('61f7e5b0f7ad6f0a07ed6a67271a10b4a0b03f70', '2047-10-12', '05-6825954'),
('63cf0779b1118f5c3eff4135e7bc5c82f18f22b6', '2028-12-28', '65-9554413'),
('651e27561060dbcf90ce1b7c34ac6e9e69135d6a', '2035-05-11', '02-2027247'),
('6630365b08273f7e6da878db1ef3b8a7a5b4607c', '2041-03-02', '88-7026267'),
('664d4d4fd484671ab73c3af34d08461837d9d803', '2037-09-30', '63-9269915'),
('675309c8a8fde47bf499e8bb7b019edee54ebc26', '2054-07-13', '79-0275519'),
('67f338943de53429898946badb224aa529378afd', '2053-07-05', '58-3574511'),
('68f6883fbae19c0391cbc071c5b5b0d2785c1d8c', '2054-11-21', '82-1840849'),
('69606dba46a7cb15acb3fcd0555d2a8611e420a9', '2040-10-14', '69-5908901'),
('6c29c317ab5a7e3f8f4387110b0c67bec2f05e4c', '2033-12-28', '85-1932882'),
('6d8b6e1a58b66f207e280c2007d54f7f7e720f57', '2033-03-13', '61-7506311'),
('6df1489a55e84f1170cd7f01557a2f249e2039bb', '2049-12-01', '20-3882662'),
('6eaf304e65c8ac1d5094c347b1b1edb23ee5b3dd', '2040-12-03', '12-6079659'),
('6f26560ccc67d5ffc3841c2966d2b661280f4a3f', '2041-10-12', '59-6451548'),
('704419e45d3c7448d320b6526ecb85abd1d5729f', '2031-08-10', '84-2046842'),
('714a0e36a94231fdf1100355669bf0cf1dc857f2', '2034-02-05', '41-4117560'),
('7183283c8542213acd24c8efed242045386f8628', '2026-04-15', '63-3538268'),
('73558eade9d66a7e6d5db5d566941f71f9e38064', '2038-04-15', '91-6042725'),
('73a73a9ab33ba8a2d9418dfed272249579bfe70c', '2035-11-13', '11-8475135'),
('73c5622ea4fb6bbf21e20a349a913d4a1e83ce99', '2053-08-22', '44-9345493'),
('7720f386f9fe7aac7202279437efd5913a1c0fe1', '2031-05-16', '68-5114803'),
('7723cc5696c7626d120a7a9c70bf41def3efe294', '2052-03-18', '02-1051987'),
('77d4ca9e5e2d6c90c772eadd3d6936ca99fac58b', '2025-07-30', '04-7759783'),
('79557f7713b63ad448b5edaae5b143bd7c8376f3', '2042-05-01', '49-8915957'),
('7c8eedb5d48300ac50a93238a73487dcf542f08e', '2040-03-26', '19-7567795'),
('7e10e0ee1705dedcb1b4fe77580981309ab49bc3', '2027-08-03', '55-3739731'),
('80163e1f69dd0bc866142a67b96971998bdcdb74', '2050-04-17', '73-6243524'),
('804102c68fb4c8f6f976406a2784fcae2bd8e3d6', '2048-02-24', '83-4048299'),
('814241f68725c9a760cc4be4046d1d6fe8acbb2c', '2033-02-10', '06-1724049'),
('846dd92f4118453173bae8741aae2d3d749a672f', '2050-10-27', '52-9649678'),
('86bfed385cfbd2ac2a6fedb0aaf0d7928ba18651', '2031-01-03', '89-8857794'),
('8787228b30fdaa81d0a840114d26cf8ce172aacb', '2027-07-27', '87-8312272'),
('878dad73a30d2422d4a633470189176d5c4bdad8', '2048-06-15', '24-7196301'),
('8c338dfd96faf98371f851b8560f250eefc364e3', '2040-07-11', '94-7829911'),
('8d958f55d2e60a62795ffdaa4cb37b0cbf7e0b8e', '2030-09-16', '85-5108330'),
('8dcc1e2fce4598a2749eacd71d17e44d1eb00eba', '2037-06-20', '68-6273927'),
('8e78c2788f4ad1dcfa162d218b0a183f0e9ba969', '2038-11-12', '39-6828449'),
('8f7f41f0ff49980646368f9d63144cf3548de77d', '2039-07-21', '79-4639876'),
('900bf576f5285492dd00d778851869e117bf5998', '2053-09-09', '50-4980905'),
('901e3790e0dd4b4c70417a667b3579c384b5b31e', '2046-04-20', '21-2449516'),
('94cb8bf067190db43858606a3eec191fe1b81e71', '2027-06-17', '78-0310733'),
('94e2fe11ea04dececa96bbcf4c4af451115038bd', '2039-07-25', '26-9080079'),
('95d4f444e27ac473ef001046577de89e152771c8', '2038-05-25', '81-2088560'),
('95e3d310bd1fb83f6be286437dfbe6f64dee0e81', '2028-08-06', '47-4033495'),
('96bb7816da5ba31c542f66dfc1e6d8d978e88392', '2040-09-09', '65-4825151'),
('9713797151cc64fc6f6e960fc0cc51095d05d91d', '2040-06-08', '30-7419291'),
('977d7c895e2c8769f669c543cc344ed4d03e7977', '2025-08-30', '37-9792386'),
('9defd2751109138ec1d325302f2cf92f85a37f7a', '2029-05-27', '46-1737355'),
('9ff2df777a1c1ca3d621251c1fe8214be7b7c2fe', '2053-05-21', '64-9924436'),
('a15bc85b8ad4e653f587391086104326e46b5fb7', '2048-03-09', '11-5475560'),
('a2a5774832fe8dc62d9897007366c5d427fd28d7', '2044-06-25', '96-0629695'),
('a3c76397d53be613cd12d60f1f6e2542cc8305a7', '2054-05-02', '83-0184701'),
('a68325fc8c52382be2e43a04ef53da38a5bc2610', '2053-10-23', '60-3595085'),
('a69ba279f97161f9496f13ab78534823893940ea', '2026-12-30', '27-3988765'),
('ab630c8075364665990135cd058ca5344131a07d', '2036-08-11', '58-8706230'),
('ac11fc1fa4bdeb43cec610c37ced75ef38af012c', '2037-02-06', '75-4372828'),
('adce85849462a55e919b24be4b8c72323edb1521', '2031-12-02', '74-4394334'),
('aee3e5485d91c23e6e14e5592b756029c7deffe5', '2035-01-10', '02-3703741'),
('aeed985056d96926a34155e5e67c6983eeb37ca8', '2031-05-28', '70-9965875'),
('af0caafff572478500c6eb1509f8e057268e01ef', '2029-05-12', '58-0111911'),
('b1e5a5ca275a106193a811da190fab1ae139a1b9', '2038-06-04', '59-5359187'),
('b22fc29b08ed388d4b83064863f255981bfd5de3', '2031-07-06', '25-6662345'),
('b41b5d8d5a12bf94a7c4e37750cc99c80f94818c', '2032-04-24', '66-8915885'),
('b61201f2c45ac53e586304b99029a849f16e3014', '2032-12-23', '13-4805683'),
('b85a1ea2461f9fdc1ad89c520e03eb9a550393bc', '2033-08-26', '03-0081270'),
('b8f7a1ec69aac378e5945ce09ecebd3ef8320587', '2044-11-01', '67-5681226'),
('b92551651768d45febf6dee6a4a3b04f878ccffb', '2033-05-11', '39-4524795'),
('b9a77c1f6c317c5aef8ee01ecb3658bc066bf441', '2044-03-26', '40-5914834'),
('bb44ee64cb9fe129db7828b7ca41b48df2cfdfbc', '2025-04-17', '14-6327725'),
('bbaa767acfa85994c583f216a00030e193af5f6a', '2052-05-20', '79-3725018'),
('bc40c90fe62ccaedf0774c6717ba073432a875d8', '2043-08-02', '43-3681574'),
('be24a2bf6e8f70389959f67f931789951ed60f72', '2055-02-04', '23-8898744'),
('bea9c13ffbf59a979ae158e371e1c9ceac7f76b5', '2051-02-12', '69-5975062'),
('bfaaaf1b912bc770328635b3a89668383f7726b8', '2045-11-08', '05-0620159'),
('c0c80cc70d95d8d929b98155393a306fd611708e', '2038-11-30', '30-2980670'),
('c0df78dfb3772add02da04f05e6cf315e8c3d711', '2052-03-04', '64-8407332'),
('c233a99a837d22534ded77bbfb48d8c6fac757f9', '2036-11-20', '59-7535948'),
('c5ea487d7505749e3cea7c7cda812ae7e70743bc', '2047-10-17', '24-0232893'),
('c68549c0c515673efc2cd1b22ec099df89496113', '2034-01-25', '13-9476539'),
('c7d0d786fc998e028e4b86c6b152dc25b9b0d3d7', '2040-09-24', '62-3179767'),
('c87dcf59272bca0953d5e2093d2cc409fbdc6c61', '2036-07-24', '85-5929799'),
('c93a5cbaf8fb2d2c886904ca0d9a249fe852bb7a', '2055-03-15', '01-4781794'),
('c98285df41b2e236ba00592dbef7b0be5cafe043', '2041-01-03', '83-2767928'),
('cb21807d936e4195f9a8c2973449086d94b14dd4', '2044-03-20', '70-4625079'),
('ccae3d7e79f88ed687a1dc6777fb9987322a0001', '2040-10-13', '76-1557182'),
('cd0f3fccf1e609590519ce2bd808e3c1dd5357c8', '2037-02-12', '13-8741759'),
('cd2c5d8410b1d545026ab0a778af9a7aa5bea85f', '2030-03-06', '27-5821301'),
('d2ba8c652358663a841004ead4c15b04450cabdd', '2050-10-19', '32-6662863'),
('d33058ea46f44b2a3017d2eb6ba68c42411f69b1', '2044-11-02', '66-7818325'),
('d34274d69e97d97e4bd37372644f71fde5e67de7', '2044-04-30', '33-2608291'),
('d6aaa4a0a0d21e221d206ba7f9e1e5d6e4b4c606', '2036-07-29', '86-9569658'),
('d7dd3d095fbdc3478aa2cffcf8555074b285e370', '2055-02-09', '74-2869833'),
('d7efce081ca5199aa6bfd9bb8dc97dcaf5068d07', '2034-04-17', '34-0305417'),
('daf003019ecb4df4b753ac774a338db96a2a0370', '2025-01-27', '42-4944361'),
('db20c7d6769dbc5986fba3dec43374333b9a5c2f', '2048-06-30', '27-1777476'),
('dd03ac76b7291899eff7178013600a10ce7e09cf', '2035-04-12', '86-2300578'),
('dfff77ae3013e2e6939bb23bdb3f429d04ed50da', '2036-09-02', '43-9317505'),
('e112d75dba5578ae0ea3aaaa53c31f46dd0da5d8', '2033-01-05', '79-2086690'),
('e29b1285a6279350c195c5fe20b4024d590dd0b8', '2047-10-09', '41-1695295'),
('e3bd43c345003be0d1810d07fca9c6c2e3ef9a1b', '2035-11-23', '37-9314344'),
('e429fe87c64d8c528ecd31fd22b4b4f18ae4991f', '2050-12-30', '38-1495765'),
('e49e4df9175f5f4baed0c6862425e1bb51acc44d', '2025-01-11', '25-9226163'),
('e4d4b446ee15e3b77ca61a8587bc33d1cd5bcc8a', '2028-12-10', '80-4696332'),
('e59998aa5b1ec50767740526849c139a113c4f8f', '2043-05-07', '45-8635945'),
('e70060ac3ae644148f79cfffeade6313ed76562e', '2041-10-12', '38-5813420'),
('e7c1747933612676059e9b358c3f0446fa82881b', '2027-09-27', '74-9988605'),
('e820263c7e1908fc5249e5c368d6904511347292', '2035-10-22', '51-8130212'),
('e863a3fd4f3b614fba27e6be64e6ac8c3a44684e', '2033-04-29', '61-0188283'),
('eaf47c06fbead9227088556b9a0ba0a7101d012d', '2043-09-09', '48-9193071'),
('ec4a74116266dff099a0a9036ea38a4d8f710e6c', '2025-10-20', '64-6181995'),
('ec877457b5c37e8313caa98f45c80b9052669a4c', '2049-10-26', '96-5005489'),
('ed9d13c11eadc3f782ec03481f2c25d690d06fa0', '2053-10-01', '69-9818595'),
('ee78c67586ccbf62a9a6890efabf75b0338c48d1', '2047-08-08', '14-7187552'),
('ef44774d8dfdde97eb81dc1ae79718f8eb72b17f', '2029-02-19', '76-1753798'),
('f0ebf34cb5e4d28740d9627f3e86bb807678ec21', '2039-03-01', '62-0963652'),
('f2ab1d1bcf7544b64d98ee1d2a3b745b8f674166', '2048-04-19', '77-9759511'),
('f4dfb9651fcdeae0497cc41a2e54f292053f4279', '2036-12-02', '67-9352204'),
('f6061bc201c526b3a332e8004edd60edd6697fad', '2050-06-16', '30-5609223'),
('f8ef730205844102e5e8914b41d0232275aff4e4', '2052-11-06', '70-9478452'),
('f95a0ebd29ec3c13a2b272c28a114c6b845108f2', '2050-01-29', '33-6284061'),
('f96b7498a32c40e7532a67d47d4cace93676a5bb', '2046-02-04', '26-2609741'),
('f98342bbe00d4d32d72d52b22bfa7cf0032d1667', '2046-08-14', '88-0577612'),
('fb2d0c68dec69d87370baf048a41d0ddae57d6c6', '2032-06-28', '84-2303917'),
('fb560e3e4fe776a47193b4fcc27752364566f281', '2035-02-17', '21-1979805'),
('fb8a9ce215b3775a7ee506690b24c4de25f7ab78', '2038-12-25', '60-0825459'),
('fd633277fabb6c50776a340bd7f7422d207bf4b0', '2045-11-13', '06-1751813'),
('feeb1999a908f1b450b4b375e5c1b1eccd2dc1f3', '2050-12-20', '46-0407460');

--
-- Indexes for dumped tables
--

--
-- אינדקסים לטבלה `borrower`
--
ALTER TABLE `borrower`
  ADD PRIMARY KEY (`Borrower_ID`);

--
-- אינדקסים לטבלה `loan`
--
ALTER TABLE `loan`
  ADD PRIMARY KEY (`Loan_ID`),
  ADD KEY `Borrower_ID` (`Borrower_ID`);

--
-- אינדקסים לטבלה `paymentschedule`
--
ALTER TABLE `paymentschedule`
  ADD PRIMARY KEY (`Schedule_ID`),
  ADD KEY `Loan_ID` (`Loan_ID`);

--
-- הגבלות לטבלאות שהוצאו
--

--
-- הגבלות לטבלה `loan`
--
ALTER TABLE `loan`
  ADD CONSTRAINT `loan_ibfk_1` FOREIGN KEY (`Borrower_ID`) REFERENCES `borrower` (`Borrower_ID`);

--
-- הגבלות לטבלה `paymentschedule`
--
ALTER TABLE `paymentschedule`
  ADD CONSTRAINT `paymentschedule_ibfk_1` FOREIGN KEY (`Loan_ID`) REFERENCES `loan` (`Loan_ID`);
COMMIT;

/*!40101 SET CHARACTER_SET_CLIENT=@OLD_CHARACTER_SET_CLIENT */;
/*!40101 SET CHARACTER_SET_RESULTS=@OLD_CHARACTER_SET_RESULTS */;
/*!40101 SET COLLATION_CONNECTION=@OLD_COLLATION_CONNECTION */;
